{"mean": [52.27434974492982, 69.82640643452488, 79.01744958336889], "std": [2.7533898592345842, 2.634773617140497, 2.172352333590293]}